-- MySQL Script generated by MySQL Workbench
-- Wed Feb 15 23:33:13 2023
-- Model: New Model    Version: 1.0
-- MySQL Workbench Forward Engineering

SET @OLD_UNIQUE_CHECKS=@@UNIQUE_CHECKS, UNIQUE_CHECKS=0;
SET @OLD_FOREIGN_KEY_CHECKS=@@FOREIGN_KEY_CHECKS, FOREIGN_KEY_CHECKS=0;
SET @OLD_SQL_MODE=@@SQL_MODE, SQL_MODE='ONLY_FULL_GROUP_BY,STRICT_TRANS_TABLES,NO_ZERO_IN_DATE,NO_ZERO_DATE,ERROR_FOR_DIVISION_BY_ZERO,NO_ENGINE_SUBSTITUTION';

-- -----------------------------------------------------
-- Schema train
-- -----------------------------------------------------

-- -----------------------------------------------------
-- Schema train
-- -----------------------------------------------------
CREATE SCHEMA IF NOT EXISTS `trains` DEFAULT CHARACTER SET utf8 ;
USE `trains` ;

-- -----------------------------------------------------
-- Table `trains`.`booked`
-- -----------------------------------------------------
CREATE TABLE IF NOT EXISTS `trains`.`booked` (
  `bid` INT NOT NULL,
  `date` VARCHAR(15) NULL,
  `trno` INT NULL,
  `beg` VARCHAR(3) NULL,
  `end` VARCHAR(3) NULL)
ENGINE = InnoDB;


-- -----------------------------------------------------
-- Table `trains`.`bookid`
-- -----------------------------------------------------
CREATE TABLE IF NOT EXISTS `trains`.`bookid` (
  `uid` INT NULL,
  `bid` INT NOT NULL AUTO_INCREMENT,
  PRIMARY KEY (`bid`))
ENGINE = InnoDB;


-- -----------------------------------------------------
-- Table `trains`.`booking`
-- -----------------------------------------------------
CREATE TABLE IF NOT EXISTS `trains`.`booking` (
  `bid` INT NULL,
  `name` VARCHAR(20) NULL,
  `age` INT NULL,
  `sno` INT NULL,
  `gender` VARCHAR(8) NULL)
ENGINE = InnoDB;


-- -----------------------------------------------------
-- Table `trains`.`cont`
-- -----------------------------------------------------
CREATE TABLE IF NOT EXISTS `trains`.`cont` (
  `uid` INT NULL,
  `name` VARCHAR(25) NULL,
  `mail` VARCHAR(45) NULL,
  `phno` BIGINT NULL)
ENGINE = InnoDB;


-- -----------------------------------------------------
-- Table `trains`.`seats`
-- -----------------------------------------------------
CREATE TABLE IF NOT EXISTS `trains`.`seats` (
  `trno` INT NULL,
  `snum` INT NULL,
  `avail` INT NULL DEFAULT 1)
ENGINE = InnoDB;


-- -----------------------------------------------------
-- Table `trains`.`stops`
-- -----------------------------------------------------
CREATE TABLE IF NOT EXISTS `trains`.`stops` (
  `trno` INT NULL,
  `stop` VARCHAR(20) NULL,
  `time` TIME NULL)
ENGINE = InnoDB;


-- -----------------------------------------------------
-- Table `trains`.`trains`
-- -----------------------------------------------------
CREATE TABLE IF NOT EXISTS `trains`.`trains` (
  `trno` INT NOT NULL AUTO_INCREMENT,
  `name` VARCHAR(25) NULL,
  `sleft` INT NULL,
  PRIMARY KEY (`trno`))
ENGINE = InnoDB;


-- -----------------------------------------------------
-- Table `trains`.`users`
-- -----------------------------------------------------
CREATE TABLE IF NOT EXISTS `trains`.`users` (
  `uid` INT NOT NULL AUTO_INCREMENT,
  `name` VARCHAR(25) NULL,
  `password` VARCHAR(20) NULL,
  `phno` BIGINT NULL,
  `mail` VARCHAR(45) NULL,
  PRIMARY KEY (`uid`))
ENGINE = InnoDB;


SET SQL_MODE=@OLD_SQL_MODE;
SET FOREIGN_KEY_CHECKS=@OLD_FOREIGN_KEY_CHECKS;
SET UNIQUE_CHECKS=@OLD_UNIQUE_CHECKS;

-- -----------------------------------------------------
-- Data for table `trains`.`seats`
-- -----------------------------------------------------
START TRANSACTION;
USE `trains`;
INSERT INTO `trains`.`seats` (`trno`, `snum`, `avail`) VALUES (10001, 1, 1);
INSERT INTO `trains`.`seats` (`trno`, `snum`, `avail`) VALUES (10001, 2, 1);
INSERT INTO `trains`.`seats` (`trno`, `snum`, `avail`) VALUES (10001, 3, 1);
INSERT INTO `trains`.`seats` (`trno`, `snum`, `avail`) VALUES (10001, 4, 1);
INSERT INTO `trains`.`seats` (`trno`, `snum`, `avail`) VALUES (10001, 5, 1);
INSERT INTO `trains`.`seats` (`trno`, `snum`, `avail`) VALUES (10001, 5, 1);
INSERT INTO `trains`.`seats` (`trno`, `snum`, `avail`) VALUES (10001, 6, 1);
INSERT INTO `trains`.`seats` (`trno`, `snum`, `avail`) VALUES (10001, 7, 1);
INSERT INTO `trains`.`seats` (`trno`, `snum`, `avail`) VALUES (10001, 8, 1);
INSERT INTO `trains`.`seats` (`trno`, `snum`, `avail`) VALUES (10001, 9, 1);
INSERT INTO `trains`.`seats` (`trno`, `snum`, `avail`) VALUES (10001, 10, 1);
INSERT INTO `trains`.`seats` (`trno`, `snum`, `avail`) VALUES (10001, 11, 1);
INSERT INTO `trains`.`seats` (`trno`, `snum`, `avail`) VALUES (10001, 12, 1);
INSERT INTO `trains`.`seats` (`trno`, `snum`, `avail`) VALUES (10001, 13, 1);
INSERT INTO `trains`.`seats` (`trno`, `snum`, `avail`) VALUES (10001, 14, 1);
INSERT INTO `trains`.`seats` (`trno`, `snum`, `avail`) VALUES (10001, 15, 1);
INSERT INTO `trains`.`seats` (`trno`, `snum`, `avail`) VALUES (10001, 16, 1);
INSERT INTO `trains`.`seats` (`trno`, `snum`, `avail`) VALUES (10001, 17, 1);
INSERT INTO `trains`.`seats` (`trno`, `snum`, `avail`) VALUES (10001, 18, 1);
INSERT INTO `trains`.`seats` (`trno`, `snum`, `avail`) VALUES (10001, 19, 1);
INSERT INTO `trains`.`seats` (`trno`, `snum`, `avail`) VALUES (10001, 20, 1);
INSERT INTO `trains`.`seats` (`trno`, `snum`, `avail`) VALUES (10001, 21, 1);
INSERT INTO `trains`.`seats` (`trno`, `snum`, `avail`) VALUES (10001, 22, 1);
INSERT INTO `trains`.`seats` (`trno`, `snum`, `avail`) VALUES (10001, 23, 1);
INSERT INTO `trains`.`seats` (`trno`, `snum`, `avail`) VALUES (10001, 24, 1);
INSERT INTO `trains`.`seats` (`trno`, `snum`, `avail`) VALUES (10001, 25, 1);
INSERT INTO `trains`.`seats` (`trno`, `snum`, `avail`) VALUES (10001, 26, 1);
INSERT INTO `trains`.`seats` (`trno`, `snum`, `avail`) VALUES (10001, 27, 1);
INSERT INTO `trains`.`seats` (`trno`, `snum`, `avail`) VALUES (10001, 28, 1);
INSERT INTO `trains`.`seats` (`trno`, `snum`, `avail`) VALUES (10001, 29, 1);
INSERT INTO `trains`.`seats` (`trno`, `snum`, `avail`) VALUES (10001, 30, 1);
INSERT INTO `trains`.`seats` (`trno`, `snum`, `avail`) VALUES (20001, 1, 1);
INSERT INTO `trains`.`seats` (`trno`, `snum`, `avail`) VALUES (20001, 2, 1);
INSERT INTO `trains`.`seats` (`trno`, `snum`, `avail`) VALUES (20001, 3, 1);
INSERT INTO `trains`.`seats` (`trno`, `snum`, `avail`) VALUES (20001, 4, 1);
INSERT INTO `trains`.`seats` (`trno`, `snum`, `avail`) VALUES (20001, 5, 1);
INSERT INTO `trains`.`seats` (`trno`, `snum`, `avail`) VALUES (20001, 6, 1);
INSERT INTO `trains`.`seats` (`trno`, `snum`, `avail`) VALUES (20001, 7, 1);
INSERT INTO `trains`.`seats` (`trno`, `snum`, `avail`) VALUES (20001, 8, 1);
INSERT INTO `trains`.`seats` (`trno`, `snum`, `avail`) VALUES (20001, 9, 1);
INSERT INTO `trains`.`seats` (`trno`, `snum`, `avail`) VALUES (20001, 10, 1);
INSERT INTO `trains`.`seats` (`trno`, `snum`, `avail`) VALUES (20001, 11, 1);
INSERT INTO `trains`.`seats` (`trno`, `snum`, `avail`) VALUES (20001, 12, 1);
INSERT INTO `trains`.`seats` (`trno`, `snum`, `avail`) VALUES (20001, 13, 1);
INSERT INTO `trains`.`seats` (`trno`, `snum`, `avail`) VALUES (20001, 14, 1);
INSERT INTO `trains`.`seats` (`trno`, `snum`, `avail`) VALUES (20001, 15, 1);
INSERT INTO `trains`.`seats` (`trno`, `snum`, `avail`) VALUES (20001, 16, 1);
INSERT INTO `trains`.`seats` (`trno`, `snum`, `avail`) VALUES (20001, 17, 1);
INSERT INTO `trains`.`seats` (`trno`, `snum`, `avail`) VALUES (20001, 18, 1);
INSERT INTO `trains`.`seats` (`trno`, `snum`, `avail`) VALUES (20001, 19, 1);
INSERT INTO `trains`.`seats` (`trno`, `snum`, `avail`) VALUES (20001, 20, 1);
INSERT INTO `trains`.`seats` (`trno`, `snum`, `avail`) VALUES (20001, 21, 1);
INSERT INTO `trains`.`seats` (`trno`, `snum`, `avail`) VALUES (20001, 22, 1);
INSERT INTO `trains`.`seats` (`trno`, `snum`, `avail`) VALUES (20001, 23, 1);
INSERT INTO `trains`.`seats` (`trno`, `snum`, `avail`) VALUES (20001, 24, 1);
INSERT INTO `trains`.`seats` (`trno`, `snum`, `avail`) VALUES (20001, 25, 1);
INSERT INTO `trains`.`seats` (`trno`, `snum`, `avail`) VALUES (20001, 26, 1);
INSERT INTO `trains`.`seats` (`trno`, `snum`, `avail`) VALUES (20001, 27, 1);
INSERT INTO `trains`.`seats` (`trno`, `snum`, `avail`) VALUES (20001, 28, 1);
INSERT INTO `trains`.`seats` (`trno`, `snum`, `avail`) VALUES (20001, 29, 1);
INSERT INTO `trains`.`seats` (`trno`, `snum`, `avail`) VALUES (20001, 30, 1);
INSERT INTO `trains`.`seats` (`trno`, `snum`, `avail`) VALUES (30001, 1, 1);
INSERT INTO `trains`.`seats` (`trno`, `snum`, `avail`) VALUES (30001, 2, 1);
INSERT INTO `trains`.`seats` (`trno`, `snum`, `avail`) VALUES (30001, 3, 1);
INSERT INTO `trains`.`seats` (`trno`, `snum`, `avail`) VALUES (30001, 4, 1);
INSERT INTO `trains`.`seats` (`trno`, `snum`, `avail`) VALUES (30001, 5, 1);
INSERT INTO `trains`.`seats` (`trno`, `snum`, `avail`) VALUES (30001, 6, 1);
INSERT INTO `trains`.`seats` (`trno`, `snum`, `avail`) VALUES (30001, 7, 1);
INSERT INTO `trains`.`seats` (`trno`, `snum`, `avail`) VALUES (30001, 8, 1);
INSERT INTO `trains`.`seats` (`trno`, `snum`, `avail`) VALUES (30001, 9, 1);
INSERT INTO `trains`.`seats` (`trno`, `snum`, `avail`) VALUES (30001, 10, 1);
INSERT INTO `trains`.`seats` (`trno`, `snum`, `avail`) VALUES (30001, 11, 1);
INSERT INTO `trains`.`seats` (`trno`, `snum`, `avail`) VALUES (30001, 12, 1);
INSERT INTO `trains`.`seats` (`trno`, `snum`, `avail`) VALUES (30001, 13, 1);
INSERT INTO `trains`.`seats` (`trno`, `snum`, `avail`) VALUES (30001, 14, 1);
INSERT INTO `trains`.`seats` (`trno`, `snum`, `avail`) VALUES (30001, 15, 1);
INSERT INTO `trains`.`seats` (`trno`, `snum`, `avail`) VALUES (30001, 16, 1);
INSERT INTO `trains`.`seats` (`trno`, `snum`, `avail`) VALUES (30001, 17, 1);
INSERT INTO `trains`.`seats` (`trno`, `snum`, `avail`) VALUES (30001, 18, 1);
INSERT INTO `trains`.`seats` (`trno`, `snum`, `avail`) VALUES (30001, 19, 1);
INSERT INTO `trains`.`seats` (`trno`, `snum`, `avail`) VALUES (30001, 20, 1);
INSERT INTO `trains`.`seats` (`trno`, `snum`, `avail`) VALUES (30001, 21, 1);
INSERT INTO `trains`.`seats` (`trno`, `snum`, `avail`) VALUES (30001, 22, 1);
INSERT INTO `trains`.`seats` (`trno`, `snum`, `avail`) VALUES (30001, 23, 1);
INSERT INTO `trains`.`seats` (`trno`, `snum`, `avail`) VALUES (30001, 24, 1);
INSERT INTO `trains`.`seats` (`trno`, `snum`, `avail`) VALUES (30001, 25, 1);
INSERT INTO `trains`.`seats` (`trno`, `snum`, `avail`) VALUES (30001, 26, 1);
INSERT INTO `trains`.`seats` (`trno`, `snum`, `avail`) VALUES (30001, 27, 1);
INSERT INTO `trains`.`seats` (`trno`, `snum`, `avail`) VALUES (30001, 28, 1);
INSERT INTO `trains`.`seats` (`trno`, `snum`, `avail`) VALUES (30001, 29, 1);
INSERT INTO `trains`.`seats` (`trno`, `snum`, `avail`) VALUES (30001, 30, 1);
INSERT INTO `trains`.`seats` (`trno`, `snum`, `avail`) VALUES (40001, 1, 1);
INSERT INTO `trains`.`seats` (`trno`, `snum`, `avail`) VALUES (40001, 2, 1);
INSERT INTO `trains`.`seats` (`trno`, `snum`, `avail`) VALUES (40001, 3, 1);
INSERT INTO `trains`.`seats` (`trno`, `snum`, `avail`) VALUES (40001, 4, 1);
INSERT INTO `trains`.`seats` (`trno`, `snum`, `avail`) VALUES (40001, 5, 1);
INSERT INTO `trains`.`seats` (`trno`, `snum`, `avail`) VALUES (40001, 6, 1);
INSERT INTO `trains`.`seats` (`trno`, `snum`, `avail`) VALUES (40001, 7, 1);
INSERT INTO `trains`.`seats` (`trno`, `snum`, `avail`) VALUES (40001, 8, 1);
INSERT INTO `trains`.`seats` (`trno`, `snum`, `avail`) VALUES (40001, 9, 1);
INSERT INTO `trains`.`seats` (`trno`, `snum`, `avail`) VALUES (40001, 10, 1);
INSERT INTO `trains`.`seats` (`trno`, `snum`, `avail`) VALUES (40001, 11, 1);
INSERT INTO `trains`.`seats` (`trno`, `snum`, `avail`) VALUES (40001, 12, 1);
INSERT INTO `trains`.`seats` (`trno`, `snum`, `avail`) VALUES (40001, 13, 1);
INSERT INTO `trains`.`seats` (`trno`, `snum`, `avail`) VALUES (40001, 14, 1);
INSERT INTO `trains`.`seats` (`trno`, `snum`, `avail`) VALUES (40001, 15, 1);
INSERT INTO `trains`.`seats` (`trno`, `snum`, `avail`) VALUES (40001, 16, 1);
INSERT INTO `trains`.`seats` (`trno`, `snum`, `avail`) VALUES (40001, 17, 1);
INSERT INTO `trains`.`seats` (`trno`, `snum`, `avail`) VALUES (40001, 18, 1);
INSERT INTO `trains`.`seats` (`trno`, `snum`, `avail`) VALUES (40001, 19, 1);
INSERT INTO `trains`.`seats` (`trno`, `snum`, `avail`) VALUES (40001, 20, 1);
INSERT INTO `trains`.`seats` (`trno`, `snum`, `avail`) VALUES (40001, 21, 1);
INSERT INTO `trains`.`seats` (`trno`, `snum`, `avail`) VALUES (40001, 22, 1);
INSERT INTO `trains`.`seats` (`trno`, `snum`, `avail`) VALUES (40001, 23, 1);
INSERT INTO `trains`.`seats` (`trno`, `snum`, `avail`) VALUES (40001, 24, 1);
INSERT INTO `trains`.`seats` (`trno`, `snum`, `avail`) VALUES (40001, 25, 1);
INSERT INTO `trains`.`seats` (`trno`, `snum`, `avail`) VALUES (40001, 26, 1);
INSERT INTO `trains`.`seats` (`trno`, `snum`, `avail`) VALUES (40001, 27, 1);
INSERT INTO `trains`.`seats` (`trno`, `snum`, `avail`) VALUES (40001, 28, 1);
INSERT INTO `trains`.`seats` (`trno`, `snum`, `avail`) VALUES (40001, 29, 1);
INSERT INTO `trains`.`seats` (`trno`, `snum`, `avail`) VALUES (40001, 30, 1);
INSERT INTO `trains`.`seats` (`trno`, `snum`, `avail`) VALUES (50001, 1, 1);
INSERT INTO `trains`.`seats` (`trno`, `snum`, `avail`) VALUES (50001, 2, 1);
INSERT INTO `trains`.`seats` (`trno`, `snum`, `avail`) VALUES (50001, 3, 1);
INSERT INTO `trains`.`seats` (`trno`, `snum`, `avail`) VALUES (50001, 4, 1);
INSERT INTO `trains`.`seats` (`trno`, `snum`, `avail`) VALUES (50001, 5, 1);
INSERT INTO `trains`.`seats` (`trno`, `snum`, `avail`) VALUES (50001, 6, 1);
INSERT INTO `trains`.`seats` (`trno`, `snum`, `avail`) VALUES (50001, 7, 1);
INSERT INTO `trains`.`seats` (`trno`, `snum`, `avail`) VALUES (50001, 8, 1);
INSERT INTO `trains`.`seats` (`trno`, `snum`, `avail`) VALUES (50001, 9, 1);
INSERT INTO `trains`.`seats` (`trno`, `snum`, `avail`) VALUES (50001, 10, 1);
INSERT INTO `trains`.`seats` (`trno`, `snum`, `avail`) VALUES (50001, 11, 1);
INSERT INTO `trains`.`seats` (`trno`, `snum`, `avail`) VALUES (50001, 12, 1);
INSERT INTO `trains`.`seats` (`trno`, `snum`, `avail`) VALUES (50001, 13, 1);
INSERT INTO `trains`.`seats` (`trno`, `snum`, `avail`) VALUES (50001, 14, 1);
INSERT INTO `trains`.`seats` (`trno`, `snum`, `avail`) VALUES (50001, 15, 1);
INSERT INTO `trains`.`seats` (`trno`, `snum`, `avail`) VALUES (50001, 16, 1);
INSERT INTO `trains`.`seats` (`trno`, `snum`, `avail`) VALUES (50001, 17, 1);
INSERT INTO `trains`.`seats` (`trno`, `snum`, `avail`) VALUES (50001, 18, 1);
INSERT INTO `trains`.`seats` (`trno`, `snum`, `avail`) VALUES (50001, 19, 1);
INSERT INTO `trains`.`seats` (`trno`, `snum`, `avail`) VALUES (50001, 20, 1);
INSERT INTO `trains`.`seats` (`trno`, `snum`, `avail`) VALUES (50001, 21, 1);
INSERT INTO `trains`.`seats` (`trno`, `snum`, `avail`) VALUES (50001, 22, 1);
INSERT INTO `trains`.`seats` (`trno`, `snum`, `avail`) VALUES (50001, 23, 1);
INSERT INTO `trains`.`seats` (`trno`, `snum`, `avail`) VALUES (50001, 24, 1);
INSERT INTO `trains`.`seats` (`trno`, `snum`, `avail`) VALUES (50001, 25, 1);
INSERT INTO `trains`.`seats` (`trno`, `snum`, `avail`) VALUES (50001, 26, 1);
INSERT INTO `trains`.`seats` (`trno`, `snum`, `avail`) VALUES (50001, 27, 1);
INSERT INTO `trains`.`seats` (`trno`, `snum`, `avail`) VALUES (50001, 28, 1);
INSERT INTO `trains`.`seats` (`trno`, `snum`, `avail`) VALUES (50001, 29, 1);
INSERT INTO `trains`.`seats` (`trno`, `snum`, `avail`) VALUES (50001, 30, 1);
INSERT INTO `trains`.`seats` (`trno`, `snum`, `avail`) VALUES (60001, 1, 1);
INSERT INTO `trains`.`seats` (`trno`, `snum`, `avail`) VALUES (60001, 2, 1);
INSERT INTO `trains`.`seats` (`trno`, `snum`, `avail`) VALUES (60001, 3, 1);
INSERT INTO `trains`.`seats` (`trno`, `snum`, `avail`) VALUES (60001, 4, 1);
INSERT INTO `trains`.`seats` (`trno`, `snum`, `avail`) VALUES (60001, 5, 1);
INSERT INTO `trains`.`seats` (`trno`, `snum`, `avail`) VALUES (60001, 6, 1);
INSERT INTO `trains`.`seats` (`trno`, `snum`, `avail`) VALUES (60001, 7, 1);
INSERT INTO `trains`.`seats` (`trno`, `snum`, `avail`) VALUES (60001, 8, 1);
INSERT INTO `trains`.`seats` (`trno`, `snum`, `avail`) VALUES (60001, 9, 1);
INSERT INTO `trains`.`seats` (`trno`, `snum`, `avail`) VALUES (60001, 10, 1);
INSERT INTO `trains`.`seats` (`trno`, `snum`, `avail`) VALUES (60001, 11, 1);
INSERT INTO `trains`.`seats` (`trno`, `snum`, `avail`) VALUES (60001, 12, 1);
INSERT INTO `trains`.`seats` (`trno`, `snum`, `avail`) VALUES (60001, 13, 1);
INSERT INTO `trains`.`seats` (`trno`, `snum`, `avail`) VALUES (60001, 14, 1);
INSERT INTO `trains`.`seats` (`trno`, `snum`, `avail`) VALUES (60001, 15, 1);
INSERT INTO `trains`.`seats` (`trno`, `snum`, `avail`) VALUES (60001, 16, 1);
INSERT INTO `trains`.`seats` (`trno`, `snum`, `avail`) VALUES (60001, 17, 1);
INSERT INTO `trains`.`seats` (`trno`, `snum`, `avail`) VALUES (60001, 18, 1);
INSERT INTO `trains`.`seats` (`trno`, `snum`, `avail`) VALUES (60001, 19, 1);
INSERT INTO `trains`.`seats` (`trno`, `snum`, `avail`) VALUES (60001, 20, 1);
INSERT INTO `trains`.`seats` (`trno`, `snum`, `avail`) VALUES (60001, 21, 1);
INSERT INTO `trains`.`seats` (`trno`, `snum`, `avail`) VALUES (60001, 22, 1);
INSERT INTO `trains`.`seats` (`trno`, `snum`, `avail`) VALUES (60001, 23, 1);
INSERT INTO `trains`.`seats` (`trno`, `snum`, `avail`) VALUES (60001, 24, 1);
INSERT INTO `trains`.`seats` (`trno`, `snum`, `avail`) VALUES (60001, 25, 1);
INSERT INTO `trains`.`seats` (`trno`, `snum`, `avail`) VALUES (60001, 26, 1);
INSERT INTO `trains`.`seats` (`trno`, `snum`, `avail`) VALUES (60001, 27, 1);
INSERT INTO `trains`.`seats` (`trno`, `snum`, `avail`) VALUES (60001, 28, 1);
INSERT INTO `trains`.`seats` (`trno`, `snum`, `avail`) VALUES (60001, 29, 1);
INSERT INTO `trains`.`seats` (`trno`, `snum`, `avail`) VALUES (60001, 30, 1);
INSERT INTO `trains`.`seats` (`trno`, `snum`, `avail`) VALUES (70001, 1, 1);
INSERT INTO `trains`.`seats` (`trno`, `snum`, `avail`) VALUES (70001, 2, 1);
INSERT INTO `trains`.`seats` (`trno`, `snum`, `avail`) VALUES (70001, 3, 1);
INSERT INTO `trains`.`seats` (`trno`, `snum`, `avail`) VALUES (70001, 4, 1);
INSERT INTO `trains`.`seats` (`trno`, `snum`, `avail`) VALUES (70001, 5, 1);
INSERT INTO `trains`.`seats` (`trno`, `snum`, `avail`) VALUES (70001, 6, 1);
INSERT INTO `trains`.`seats` (`trno`, `snum`, `avail`) VALUES (70001, 7, 1);
INSERT INTO `trains`.`seats` (`trno`, `snum`, `avail`) VALUES (70001, 8, 1);
INSERT INTO `trains`.`seats` (`trno`, `snum`, `avail`) VALUES (70001, 9, 1);
INSERT INTO `trains`.`seats` (`trno`, `snum`, `avail`) VALUES (70001, 10, 1);
INSERT INTO `trains`.`seats` (`trno`, `snum`, `avail`) VALUES (70001, 11, 1);
INSERT INTO `trains`.`seats` (`trno`, `snum`, `avail`) VALUES (70001, 12, 1);
INSERT INTO `trains`.`seats` (`trno`, `snum`, `avail`) VALUES (70001, 13, 1);
INSERT INTO `trains`.`seats` (`trno`, `snum`, `avail`) VALUES (70001, 14, 1);
INSERT INTO `trains`.`seats` (`trno`, `snum`, `avail`) VALUES (70001, 15, 1);
INSERT INTO `trains`.`seats` (`trno`, `snum`, `avail`) VALUES (70001, 16, 1);
INSERT INTO `trains`.`seats` (`trno`, `snum`, `avail`) VALUES (70001, 17, 1);
INSERT INTO `trains`.`seats` (`trno`, `snum`, `avail`) VALUES (70001, 18, 1);
INSERT INTO `trains`.`seats` (`trno`, `snum`, `avail`) VALUES (70001, 19, 1);
INSERT INTO `trains`.`seats` (`trno`, `snum`, `avail`) VALUES (70001, 20, 1);
INSERT INTO `trains`.`seats` (`trno`, `snum`, `avail`) VALUES (70001, 21, 1);
INSERT INTO `trains`.`seats` (`trno`, `snum`, `avail`) VALUES (70001, 22, 1);
INSERT INTO `trains`.`seats` (`trno`, `snum`, `avail`) VALUES (70001, 23, 1);
INSERT INTO `trains`.`seats` (`trno`, `snum`, `avail`) VALUES (70001, 24, 1);
INSERT INTO `trains`.`seats` (`trno`, `snum`, `avail`) VALUES (70001, 25, 1);
INSERT INTO `trains`.`seats` (`trno`, `snum`, `avail`) VALUES (70001, 26, 1);
INSERT INTO `trains`.`seats` (`trno`, `snum`, `avail`) VALUES (70001, 27, 1);
INSERT INTO `trains`.`seats` (`trno`, `snum`, `avail`) VALUES (70001, 28, 1);
INSERT INTO `trains`.`seats` (`trno`, `snum`, `avail`) VALUES (70001, 29, 1);
INSERT INTO `trains`.`seats` (`trno`, `snum`, `avail`) VALUES (70001, 30, 1);
INSERT INTO `trains`.`seats` (`trno`, `snum`, `avail`) VALUES (80001, 1, 1);
INSERT INTO `trains`.`seats` (`trno`, `snum`, `avail`) VALUES (80001, 2, 1);
INSERT INTO `trains`.`seats` (`trno`, `snum`, `avail`) VALUES (80001, 3, 1);
INSERT INTO `trains`.`seats` (`trno`, `snum`, `avail`) VALUES (80001, 4, 1);
INSERT INTO `trains`.`seats` (`trno`, `snum`, `avail`) VALUES (80001, 5, 1);
INSERT INTO `trains`.`seats` (`trno`, `snum`, `avail`) VALUES (80001, 6, 1);
INSERT INTO `trains`.`seats` (`trno`, `snum`, `avail`) VALUES (80001, 7, 1);
INSERT INTO `trains`.`seats` (`trno`, `snum`, `avail`) VALUES (80001, 8, 1);
INSERT INTO `trains`.`seats` (`trno`, `snum`, `avail`) VALUES (80001, 9, 1);
INSERT INTO `trains`.`seats` (`trno`, `snum`, `avail`) VALUES (80001, 10, 1);
INSERT INTO `trains`.`seats` (`trno`, `snum`, `avail`) VALUES (80001, 11, 1);
INSERT INTO `trains`.`seats` (`trno`, `snum`, `avail`) VALUES (80001, 12, 1);
INSERT INTO `trains`.`seats` (`trno`, `snum`, `avail`) VALUES (80001, 13, 1);
INSERT INTO `trains`.`seats` (`trno`, `snum`, `avail`) VALUES (80001, 14, 1);
INSERT INTO `trains`.`seats` (`trno`, `snum`, `avail`) VALUES (80001, 15, 1);
INSERT INTO `trains`.`seats` (`trno`, `snum`, `avail`) VALUES (80001, 16, 1);
INSERT INTO `trains`.`seats` (`trno`, `snum`, `avail`) VALUES (80001, 17, 1);
INSERT INTO `trains`.`seats` (`trno`, `snum`, `avail`) VALUES (80001, 18, 1);
INSERT INTO `trains`.`seats` (`trno`, `snum`, `avail`) VALUES (80001, 19, 1);
INSERT INTO `trains`.`seats` (`trno`, `snum`, `avail`) VALUES (80001, 20, 1);
INSERT INTO `trains`.`seats` (`trno`, `snum`, `avail`) VALUES (80001, 21, 1);
INSERT INTO `trains`.`seats` (`trno`, `snum`, `avail`) VALUES (80001, 22, 1);
INSERT INTO `trains`.`seats` (`trno`, `snum`, `avail`) VALUES (80001, 23, 1);
INSERT INTO `trains`.`seats` (`trno`, `snum`, `avail`) VALUES (80001, 24, 1);
INSERT INTO `trains`.`seats` (`trno`, `snum`, `avail`) VALUES (80001, 25, 1);
INSERT INTO `trains`.`seats` (`trno`, `snum`, `avail`) VALUES (80001, 26, 1);
INSERT INTO `trains`.`seats` (`trno`, `snum`, `avail`) VALUES (80001, 27, 1);
INSERT INTO `trains`.`seats` (`trno`, `snum`, `avail`) VALUES (80001, 28, 1);
INSERT INTO `trains`.`seats` (`trno`, `snum`, `avail`) VALUES (80001, 29, 1);
INSERT INTO `trains`.`seats` (`trno`, `snum`, `avail`) VALUES (80001, 30, 1);

COMMIT;


-- -----------------------------------------------------
-- Data for table `trains`.`stops`
-- -----------------------------------------------------
START TRANSACTION;
USE `trains`;
INSERT INTO `trains`.`stops` (`trno`, `stop`, `time`) VALUES (10001, 'ERS', '12:00:00');
INSERT INTO `trains`.`stops` (`trno`, `stop`, `time`) VALUES (10001, 'SRR', '02:00:00');
INSERT INTO `trains`.`stops` (`trno`, `stop`, `time`) VALUES (10001, 'CLT', '04:00:00');
INSERT INTO `trains`.`stops` (`trno`, `stop`, `time`) VALUES (20001, 'TVC', '03:00:00');
INSERT INTO `trains`.`stops` (`trno`, `stop`, `time`) VALUES (20001, 'CAN', '12:00:00');
INSERT INTO `trains`.`stops` (`trno`, `stop`, `time`) VALUES (30001, 'TCR', '09:00:00');
INSERT INTO `trains`.`stops` (`trno`, `stop`, `time`) VALUES (30001, 'ERS', '09:00:00');
INSERT INTO `trains`.`stops` (`trno`, `stop`, `time`) VALUES (30001, 'CLT', '15:00:00');
INSERT INTO `trains`.`stops` (`trno`, `stop`, `time`) VALUES (30001, 'CAN', '20:00:00');
INSERT INTO `trains`.`stops` (`trno`, `stop`, `time`) VALUES (40001, 'TVC', '08:00:00');
INSERT INTO `trains`.`stops` (`trno`, `stop`, `time`) VALUES (40001, 'SRR', '19:00:00');
INSERT INTO `trains`.`stops` (`trno`, `stop`, `time`) VALUES (40001, 'TCR', '07:00:00');
INSERT INTO `trains`.`stops` (`trno`, `stop`, `time`) VALUES (50001, 'SRR', '09:00:00');
INSERT INTO `trains`.`stops` (`trno`, `stop`, `time`) VALUES (50001, 'ERS', '06:00:00');
INSERT INTO `trains`.`stops` (`trno`, `stop`, `time`) VALUES (60001, 'CLT', '12:00:00');
INSERT INTO `trains`.`stops` (`trno`, `stop`, `time`) VALUES (60001, 'ERS', '10:00:00');
INSERT INTO `trains`.`stops` (`trno`, `stop`, `time`) VALUES (60001, 'TCR', '11:00:00');
INSERT INTO `trains`.`stops` (`trno`, `stop`, `time`) VALUES (70001, 'CAN', '13:00:00');
INSERT INTO `trains`.`stops` (`trno`, `stop`, `time`) VALUES (70001, 'TVC', '14:00:00');
INSERT INTO `trains`.`stops` (`trno`, `stop`, `time`) VALUES (70001, 'SRR', '17:00:00');
INSERT INTO `trains`.`stops` (`trno`, `stop`, `time`) VALUES (70001, 'CLT', '15:00:00');
INSERT INTO `trains`.`stops` (`trno`, `stop`, `time`) VALUES (80001, 'ERS', '13:00:00');
INSERT INTO `trains`.`stops` (`trno`, `stop`, `time`) VALUES (80001, 'CAN', '08:00:00');
INSERT INTO `trains`.`stops` (`trno`, `stop`, `time`) VALUES (80001, 'SRR', '22:00:00');
INSERT INTO `trains`.`stops` (`trno`, `stop`, `time`) VALUES (NULL, NULL, '');

COMMIT;


-- -----------------------------------------------------
-- Data for table `trains`.`trains`
-- -----------------------------------------------------
START TRANSACTION;
USE `trains`;
INSERT INTO `trains`.`trains` (`trno`, `name`, `sleft`) VALUES (10001, 'Rajdhani Express', 30);
INSERT INTO `trains`.`trains` (`trno`, `name`, `sleft`) VALUES (20001, 'Intercity Express', 30);
INSERT INTO `trains`.`trains` (`trno`, `name`, `sleft`) VALUES (30001, 'Jan Shatabdi Express', 30);
INSERT INTO `trains`.`trains` (`trno`, `name`, `sleft`) VALUES (40001, 'Gareeb Ratan Express', 30);
INSERT INTO `trains`.`trains` (`trno`, `name`, `sleft`) VALUES (50001, 'Parashuram Express', 30);
INSERT INTO `trains`.`trains` (`trno`, `name`, `sleft`) VALUES (60001, 'Malabar Express', 30);
INSERT INTO `trains`.`trains` (`trno`, `name`, `sleft`) VALUES (70001, 'Maveli Express', 30);
INSERT INTO `trains`.`trains` (`trno`, `name`, `sleft`) VALUES (80001, 'Okha Express', 30);

COMMIT;

